Bulbasaur,,grass,poison,45,49,49,65,65,45
Ivysaur,,grass,poison,60,62,63,80,80,60
Venusaur,,grass,poison,80,82,83,100,100,80
Venusaur,Mega Venusaur,grass,poison,80,100,123,122,120,80
Charmander,,fire,,39,52,43,60,50,65
Charmeleon,,fire,,58,64,58,80,65,80
Charizard,,fire,flying,78,84,78,109,85,100
Charizard,Mega Charizard X,fire,dragon,78,130,111,130,85,100
Charizard,Mega Charizard Y,fire,flying,78,104,78,159,115,100
Squirtle,,water,,44,48,65,50,64,43
Wartortle,,water,,59,63,80,65,80,58
Blastoise,,water,,79,83,100,85,105,78
Blastoise,Mega Blastoise,water,,79,103,120,135,115,78
Caterpie,,bug,,45,30,35,20,20,45
Metapod,,bug,,50,20,55,25,25,30
Butterfree,,bug,flying,60,45,50,90,80,70
Weedle,,bug,poison,40,35,30,20,20,50
Kakuna,,bug,poison,45,25,50,25,25,35
Beedrill,,bug,poison,65,90,40,45,80,75
Beedrill,Mega Beedrill,bug,poison,65,150,40,15,80,145
Pidgey,,normal,flying,40,45,40,35,35,56
Pidgeotto,,normal,flying,63,60,55,50,50,71
Pidgeot,,normal,flying,83,80,75,70,70,101
Pidgeot,Mega Pidgeot,normal,flying,83,80,80,135,80,121
Rattata,,normal,,30,56,35,25,35,72
Rattata,Alolan Rattata,dark,normal,30,56,35,25,35,72
Raticate,,normal,,55,81,60,50,70,97
Raticate,Alolan Raticate,dark,normal,75,71,70,40,80,77
Spearow,,normal,flying,40,60,30,31,31,70
Fearow,,normal,flying,65,90,65,61,61,100
Ekans,,poison,,35,60,44,40,54,55
Arbok,,poison,,60,95,69,65,79,80
Pikachu,,electric,,35,55,40,50,50,90
Pikachu,Partner Pikachu,electric,,45,80,50,75,60,120
Raichu,,electric,,60,90,55,90,80,110
Raichu,Alolan Raichu,electric,psychic,60,85,50,95,85,110
Sandshrew,,ground,,50,75,85,20,30,40
Sandshrew,Alolan Sandshrew,ice,steel,50,75,90,10,35,40
Sandslash,,ground,,75,100,110,45,55,65
Sandslash,Alolan Sandslash,ice,steel,75,100,120,25,65,65
Nidoran,Female,poison,,55,47,52,40,40,41
Nidorina,,poison,,70,62,67,55,55,56
Nidoqueen,,poison,ground,90,92,87,75,85,76
Nidoran,Male,poison,,46,57,40,40,40,50
Nidorino,,poison,,61,72,57,55,55,65
Nidoking,,poison,ground,81,102,77,85,75,85
Clefairy,,fairy,,70,45,48,60,65,35
Clefable,,fairy,,95,70,73,95,90,60
Vulpix,,fire,,38,41,40,50,65,65
Vulpix,Alolan Vulpix,ice,,38,41,40,50,65,65
Ninetales,,fire,,73,76,75,81,100,100
Ninetales,Alolan Ninetales,ice,fairy,73,67,75,81,100,109
Jigglypuff,,normal,fairy,115,45,20,45,25,20
Wigglytuff,,normal,fairy,140,70,45,85,50,45
Zubat,,poison,flying,40,45,35,30,40,55
Golbat,,poison,flying,75,80,70,65,75,90
Oddish,,grass,poison,45,50,55,75,65,30
Gloom,,grass,poison,60,65,70,85,75,40
Vileplume,,grass,poison,75,80,85,110,90,50
Paras,,bug,grass,35,70,55,45,55,25
Parasect,,bug,grass,60,95,80,60,80,30
Venonat,,bug,poison,60,55,50,40,55,45
Venomoth,,bug,poison,70,65,60,90,75,90
Diglett,,ground,,10,55,25,35,45,95
Diglett,Alolan Diglett,ground,steel,10,55,30,35,45,90
Dugtrio,,ground,,35,100,50,50,70,120
Dugtrio,Alolan Dugtrio,ground,steel,35,100,60,50,70,110
Meowth,,normal,,40,45,35,40,40,90
Meowth,Alolan Meowth,dark,,40,35,35,50,40,90
Meowth,Galarian Meowth,steel,,50,65,55,40,40,40
Persian,,normal,,65,70,60,65,65,115
Persian,Alolan Persian,dark,,65,60,60,75,65,115
Psyduck,,water,,50,52,48,65,50,55
Golduck,,water,,80,82,78,95,80,85
Mankey,,fighting,,40,80,35,35,45,70
Primeape,,fighting,,65,105,60,60,70,95
Growlithe,,fire,,55,70,45,70,50,60
Growlithe,Hisuian Growlithe,fire,Rock,60,75,45,65,50,55
Arcanine,,fire,,90,110,80,100,80,95
Arcanine,Hisuian Arcanine,fire,Rock,95,115,80,95,80,90
Poliwag,,water,,40,50,40,40,40,90
Poliwhirl,,water,,65,65,65,50,50,90
Poliwrath,,water,fighting,90,95,95,70,90,70
Abra,,psychic,,25,20,15,105,55,90
Kadabra,,psychic,,40,35,30,120,70,105
Alakazam,,psychic,,55,50,45,135,95,120
Alakazam,Mega Alakazam,psychic,,55,50,65,175,105,150
Machop,,fighting,,70,80,50,35,35,35
Machoke,,fighting,,80,100,70,50,60,45
Machamp,,fighting,,90,130,80,65,85,55
Bellsprout,,grass,poison,50,75,35,70,30,40
Weepinbell,,grass,poison,65,90,50,85,45,55
Victreebel,,grass,poison,80,105,65,100,70,70
Tentacool,,water,poison,40,40,35,50,100,70
Tentacruel,,water,poison,80,70,65,80,120,100
Geodude,,Rock,ground,40,80,100,30,30,20
Geodude,Alolan Geodude,Rock,electric,40,80,100,30,30,20
Graveler,,Rock,ground,55,95,115,45,45,35
Graveler,Alolan Graveler,Rock,electric,55,95,115,45,45,35
Golem,,Rock,ground,80,120,130,55,65,45
Golem,Alolan Golem,Rock,electric,80,120,130,55,65,45
Ponyta,,fire,,50,85,55,65,65,90
Ponyta,Galarian Ponyta,psychic,,50,85,55,65,65,90
Rapidash,,fire,,65,100,70,80,80,105
Rapidash,Galarian Rapidash,psychic,fairy,65,100,70,80,80,105
Slowpoke,,water,psychic,90,65,65,40,40,15
Slowpoke,Galarian Slowpoke,psychic,,90,65,65,40,40,15
Slowbro,,water,psychic,95,75,110,100,80,30
Slowbro,Mega Slowbro,water,psychic,95,75,180,130,80,30
Slowbro,Galarian Slowbro,poison,psychic,95,100,95,100,70,30
Magnemite,,electric,steel,25,35,70,95,55,45
Magneton,,electric,steel,50,60,95,120,70,70
Farfetch'd,,normal,flying,52,90,55,58,62,60
Farfetch'd,Galarian Farfetch'd,fighting,,52,95,55,58,62,55
Doduo,,normal,flying,35,85,45,35,35,75
Dodrio,,normal,flying,60,110,70,60,60,110
Seel,,water,,65,45,55,45,70,45
Dewgong,,water,ice,90,70,80,70,95,70
Grimer,,poison,,80,80,50,40,50,25
Grimer,Alolan Grimer,poison,dark,80,80,50,40,50,25
Muk,,poison,,105,105,75,65,100,50
Muk,Alolan Muk,poison,dark,105,105,75,65,100,50
Shellder,,water,,30,65,100,45,25,40
Cloyster,,water,ice,50,95,180,85,45,70
Gastly,,ghost,poison,30,35,30,100,35,80
Haunter,,ghost,poison,45,50,45,115,55,95
Gengar,,ghost,poison,60,65,60,130,75,110
Gengar,Mega Gengar,ghost,poison,60,65,80,170,95,130
Onix,,Rock,ground,35,45,160,30,45,70
Drowzee,,psychic,,60,48,45,43,90,42
Hypno,,psychic,,85,73,70,73,115,67
Krabby,,water,,30,105,90,25,25,50
Kingler,,water,,55,130,115,50,50,75
Voltorb,,electric,,40,30,50,55,55,100
Voltorb,Hisuian Voltorb,electric,grass,40,30,50,55,55,100
Electrode,,electric,,60,50,70,80,80,150
Electrode,Hisuian Electrode,electric,grass,60,50,70,80,80,150
Exeggcute,,grass,psychic,60,40,80,60,45,40
Exeggutor,,grass,psychic,95,95,85,125,75,55
Exeggutor,Alolan Exeggutor,grass,dragon,95,105,85,125,75,45
Cubone,,ground,,50,50,95,40,50,35
Marowak,,ground,,60,80,110,50,80,45
Marowak,Alolan Marowak,fire,ghost,60,80,110,50,80,45
Hitmonlee,,fighting,,50,120,53,35,110,87
Hitmonchan,,fighting,,50,105,79,35,110,76
Lickitung,,normal,,90,55,75,60,75,30
Koffing,,poison,,40,65,95,60,45,35
Weezing,,poison,,65,90,120,85,70,60
Weezing,Galarian Weezing,poison,fairy,65,90,120,85,70,60
Rhyhorn,,ground,Rock,80,85,95,30,30,25
Rhydon,,ground,Rock,105,130,120,45,45,40
Chansey,,normal,,250,5,5,35,105,50
Tangela,,grass,,65,55,115,100,40,60
Kangaskhan,,normal,,105,95,80,40,80,90
Kangaskhan,Mega Kangaskhan,normal,,105,125,100,60,100,100
Horsea,,water,,30,40,70,70,25,60
Seadra,,water,,55,65,95,95,45,85
Goldeen,,water,,45,67,60,35,50,63
Seaking,,water,,80,92,65,65,80,68
Staryu,,water,,30,45,55,70,55,85
Starmie,,water,psychic,60,75,85,100,85,115
Mr. Mime,,psychic,fairy,40,45,65,100,120,90
Mr. Mime,Galarian Mr. Mime,ice,psychic,50,65,65,90,90,100
Scyther,,bug,flying,70,110,80,55,80,105
Jynx,,ice,psychic,65,50,35,115,95,95
Electabuzz,,electric,,65,83,57,95,85,105
Magmar,,fire,,65,95,57,100,85,93
Pinsir,,bug,,65,125,100,55,70,85
Pinsir,Mega Pinsir,bug,flying,65,155,120,65,90,105
Tauros,,normal,,75,100,95,40,70,110
Tauros,Combat Breed,fighting,,75,110,105,30,70,100
Tauros,Blaze Breed,fighting,fire,75,110,105,30,70,100
Tauros,Aqua Breed,fighting,water,75,110,105,30,70,100
Magikarp,,water,,20,10,55,15,20,80
Gyarados,,water,flying,95,125,79,60,100,81
Gyarados,Mega Gyarados,water,dark,95,155,109,70,130,81
Lapras,,water,ice,130,85,80,85,95,60
Ditto,,normal,,48,48,48,48,48,48
Eevee,,normal,,55,55,50,45,65,55
Eevee,Partner Eevee,normal,,65,75,70,65,85,75
Vaporeon,,water,,130,65,60,110,95,65
Jolteon,,electric,,65,65,60,110,95,130
Flareon,,fire,,65,130,60,95,110,65
Porygon,,normal,,65,60,70,85,75,40
Omanyte,,Rock,water,35,40,100,90,55,35
Omastar,,Rock,water,70,60,125,115,70,55
Kabuto,,Rock,water,30,80,90,55,45,55
Kabutops,,Rock,water,60,115,105,65,70,80
Aerodactyl,,Rock,flying,80,105,65,60,75,130
Aerodactyl,Mega Aerodactyl,Rock,flying,80,135,85,70,95,150
Snorlax,,normal,,160,110,65,65,110,30
Articuno,,ice,flying,90,85,100,95,125,85
Articuno,Galarian Articuno,psychic,flying,90,85,85,125,100,95
Zapdos,,electric,flying,90,90,85,125,90,100
Zapdos,Galarian Zapdos,fighting,flying,90,125,90,85,90,100
Moltres,,fire,flying,90,100,90,125,85,90
Moltres,Galarian Moltres,dark,flying,90,85,90,100,125,90
Dratini,,dragon,,41,64,45,50,50,50
dragonair,,dragon,,61,84,65,70,70,70
dragonite,,dragon,flying,91,134,95,100,100,80
Mewtwo,,psychic,,106,110,90,154,90,130
Mewtwo,Mega Mewtwo X,psychic,fighting,106,190,100,154,100,130
Mewtwo,Mega Mewtwo Y,psychic,,106,150,70,194,120,140
Mew,,psychic,,100,100,100,100,100,100
Chikorita,,grass,,45,49,65,49,65,45
Bayleef,,grass,,60,62,80,63,80,60
Meganium,,grass,,80,82,100,83,100,80
Cyndaquil,,fire,,39,52,43,60,50,65
Quilava,,fire,,58,64,58,80,65,80
Typhlosion,,fire,,78,84,78,109,85,100
Typhlosion,Hisuian Typhlosion,fire,ghost,73,84,78,119,85,95
Totodile,,water,,50,65,64,44,48,43
Croconaw,,water,,65,80,80,59,63,58
Feraligatr,,water,,85,105,100,79,83,78
Sentret,,normal,,35,46,34,35,45,20
Furret,,normal,,85,76,64,45,55,90
Hoothoot,,normal,flying,60,30,30,36,56,50
Noctowl,,normal,flying,100,50,50,86,96,70
Ledyba,,bug,flying,40,20,30,40,80,55
Ledian,,bug,flying,55,35,50,55,110,85
Spinarak,,bug,poison,40,60,40,40,40,30
Ariados,,bug,poison,70,90,70,60,70,40
Crobat,,poison,flying,85,90,80,70,80,130
Chinchou,,water,electric,75,38,38,56,56,67
Lanturn,,water,electric,125,58,58,76,76,67
Pichu,,electric,,20,40,15,35,35,60
Cleffa,,fairy,,50,25,28,45,55,15
Igglybuff,,normal,fairy,90,30,15,40,20,15
Togepi,,fairy,,35,20,65,40,65,20
Togetic,,fairy,flying,55,40,85,80,105,40
Natu,,psychic,flying,40,50,45,70,45,70
Xatu,,psychic,flying,65,75,70,95,70,95
Mareep,,electric,,55,40,40,65,45,35
Flaaffy,,electric,,70,55,55,80,60,45
Ampharos,,electric,,90,75,85,115,90,55
Ampharos,Mega Ampharos,electric,dragon,90,95,105,165,110,45
Bellossom,,grass,,75,80,95,90,100,50
Marill,,water,fairy,70,20,50,20,50,40
Azumarill,,water,fairy,100,50,80,60,80,50
Sudowoodo,,Rock,,70,100,115,30,65,30
Politoed,,water,,90,75,75,90,100,70
Hoppip,,grass,flying,35,35,40,35,55,50
Skiploom,,grass,flying,55,45,50,45,65,80
Jumpluff,,grass,flying,75,55,70,55,95,110
Aipom,,normal,,55,70,55,40,55,85
Sunkern,,grass,,30,30,30,30,30,30
Sunflora,,grass,,75,75,55,105,85,30
Yanma,,bug,flying,65,65,45,75,45,95
Wooper,,water,ground,55,45,45,25,25,15
Wooper,Paldean Wooper,poison,ground,55,45,45,25,25,15
Quagsire,,water,ground,95,85,85,65,65,35
Espeon,,psychic,,65,65,60,130,95,110
Umbreon,,dark,,95,65,110,60,130,65
Murkrow,,dark,flying,60,85,42,85,42,91
Slowking,,water,psychic,95,75,80,100,110,30
Slowking,Galarian Slowking,poison,psychic,95,65,80,110,110,30
Misdreavus,,ghost,,60,60,60,85,85,85
Unown,,psychic,,48,72,48,72,48,48
Wobbuffet,,psychic,,190,33,58,33,58,33
Girafarig,,normal,psychic,70,80,65,90,65,85
Pineco,,bug,,50,65,90,35,35,15
Forretress,,bug,steel,75,90,140,60,60,40
Dunsparce,,normal,,100,70,70,65,65,45
Gligar,,ground,flying,65,75,105,35,65,85
steelix,,steel,ground,75,85,200,55,65,30
steelix,Mega steelix,steel,ground,75,125,230,55,95,30
Snubbull,,fairy,,60,80,50,40,40,30
Granbull,,fairy,,90,120,75,60,60,45
Qwilfish,,water,poison,65,95,85,55,55,85
Qwilfish,Hisuian Qwilfish,dark,poison,65,95,85,55,55,85
Scizor,,bug,steel,70,130,100,55,80,65
Scizor,Mega Scizor,bug,steel,70,150,140,65,100,75
Shuckle,,bug,Rock,20,10,230,10,230,5
Heracross,,bug,fighting,80,125,75,40,95,85
Heracross,Mega Heracross,bug,fighting,80,185,115,40,105,75
Sneasel,,dark,ice,55,95,55,35,75,115
Sneasel,Hisuian Sneasel,fighting,poison,55,95,55,35,75,115
Teddiursa,,normal,,60,80,50,50,50,40
Ursaring,,normal,,90,130,75,75,75,55
Slugma,,fire,,40,40,40,70,40,20
Magcargo,,fire,Rock,60,50,120,90,80,30
Swinub,,ice,ground,50,50,40,30,30,50
Piloswine,,ice,ground,100,100,80,60,60,50
Corsola,,water,Rock,65,55,95,65,95,35
Corsola,Galarian Corsola,ghost,,60,55,100,65,100,30
Remoraid,,water,,35,65,35,65,35,65
Octillery,,water,,75,105,75,105,75,45
Delibird,,ice,flying,45,55,45,65,45,75
Mantine,,water,flying,85,40,70,80,140,70
Skarmory,,steel,flying,65,80,140,40,70,70
Houndour,,dark,fire,45,60,30,80,50,65
Houndoom,,dark,fire,75,90,50,110,80,95
Houndoom,Mega Houndoom,dark,fire,75,90,90,140,90,115
Kingdra,,water,dragon,75,95,95,95,95,85
Phanpy,,ground,,90,60,60,40,40,40
Donphan,,ground,,90,120,120,60,60,50
Porygon2,,normal,,85,80,90,105,95,60
Stantler,,normal,,73,95,62,85,65,85
Smeargle,,normal,,55,20,35,20,45,75
Tyrogue,,fighting,,35,35,35,35,35,35
Hitmontop,,fighting,,50,95,95,35,110,70
Smoochum,,ice,psychic,45,30,15,85,65,65
Elekid,,electric,,45,63,37,65,55,95
Magby,,fire,,45,75,37,70,55,83
Miltank,,normal,,95,80,105,40,70,100
Blissey,,normal,,255,10,10,75,135,55
Raikou,,electric,,90,85,75,115,100,115
Entei,,fire,,115,115,85,90,75,100
Suicune,,water,,100,75,115,90,115,85
Larvitar,,Rock,ground,50,64,50,45,50,41
Pupitar,,Rock,ground,70,84,70,65,70,51
Tyranitar,,Rock,dark,100,134,110,95,100,61
Tyranitar,Mega Tyranitar,Rock,dark,100,164,150,95,120,71
Lugia,,psychic,flying,106,90,130,90,154,110
Ho-oh,,fire,flying,106,130,90,110,154,90
Celebi,,psychic,grass,100,100,100,100,100,100
Treecko,,grass,,40,45,35,65,55,70
Grovyle,,grass,,50,65,45,85,65,95
Sceptile,,grass,,70,85,65,105,85,120
Sceptile,Mega Sceptile,grass,dragon,70,110,75,145,85,145
Torchic,,fire,,45,60,40,70,50,45
Combusken,,fire,fighting,60,85,60,85,60,55
Blaziken,,fire,fighting,80,120,70,110,70,80
Blaziken,Mega Blaziken,fire,fighting,80,160,80,130,80,100
Mudkip,,water,,50,70,50,50,50,40
Marshtomp,,water,ground,70,85,70,60,70,50
Swampert,,water,ground,100,110,90,85,90,60
Swampert,Mega Swampert,water,ground,100,150,110,95,110,70
Poochyena,,dark,,35,55,35,30,30,35
Mightyena,,dark,,70,90,70,60,60,70
Zigzagoon,,normal,,38,30,41,30,41,60
Zigzagoon,Galarian Zigzagoon,dark,normal,38,30,41,30,41,60
Linoone,,normal,,78,70,61,50,61,100
Linoone,Galarian Linoone,dark,normal,78,70,61,50,61,100
Wurmple,,bug,,45,45,35,20,30,20
Silcoon,,bug,,50,35,55,25,25,15
Beautifly,,bug,flying,60,70,50,100,50,65
Cascoon,,bug,,50,35,55,25,25,15
Dustox,,bug,poison,60,50,70,50,90,65
Lotad,,water,grass,40,30,30,40,50,30
Lombre,,water,grass,60,50,50,60,70,50
Ludicolo,,water,grass,80,70,70,90,100,70
Seedot,,grass,,40,40,50,30,30,30
Nuzleaf,,grass,dark,70,70,40,60,40,60
Shiftry,,grass,dark,90,100,60,90,60,80
Taillow,,normal,flying,40,55,30,30,30,85
Swellow,,normal,flying,60,85,60,75,50,125
Wingull,,water,flying,40,30,30,55,30,85
Pelipper,,water,flying,60,50,100,95,70,65
Ralts,,psychic,fairy,28,25,25,45,35,40
Kirlia,,psychic,fairy,38,35,35,65,55,50
Gardevoir,,psychic,fairy,68,65,65,125,115,80
Gardevoir,Mega Gardevoir,psychic,fairy,68,85,65,165,135,100
Surskit,,bug,water,40,30,32,50,52,65
Masquerain,,bug,flying,70,60,62,100,82,80
Shroomish,,grass,,60,40,60,40,60,35
Breloom,,grass,fighting,60,130,80,60,60,70
Slakoth,,normal,,60,60,60,35,35,30
Vigoroth,,normal,,80,80,80,55,55,90
Slaking,,normal,,150,160,100,95,65,100
Nincada,,bug,ground,31,45,90,30,30,40
Ninjask,,bug,flying,61,90,45,50,50,160
Shedinja,,bug,ghost,1,90,45,30,30,40
Whismur,,normal,,64,51,23,51,23,28
Loudred,,normal,,84,71,43,71,43,48
Exploud,,normal,,104,91,63,91,73,68
Makuhita,,fighting,,72,60,30,20,30,25
Hariyama,,fighting,,144,120,60,40,60,50
Azurill,,normal,fairy,50,20,40,20,40,20
Nosepass,,Rock,,30,45,135,45,90,30
Skitty,,normal,,50,45,45,35,35,50
Delcatty,,normal,,70,65,65,55,55,90
Sableye,,dark,ghost,50,75,75,65,65,50
Sableye,Mega Sableye,dark,ghost,50,85,125,85,115,20
Mawile,,steel,fairy,50,85,85,55,55,50
Mawile,Mega Mawile,steel,fairy,50,105,125,55,95,50
Aron,,steel,Rock,50,70,100,40,40,30
Lairon,,steel,Rock,60,90,140,50,50,40
Aggron,,steel,Rock,70,110,180,60,60,50
Aggron,Mega Aggron,steel,,70,140,230,60,80,50
Meditite,,fighting,psychic,30,40,55,40,55,60
Medicham,,fighting,psychic,60,60,75,60,75,80
Medicham,Mega Medicham,fighting,psychic,60,100,85,80,85,100
Electrike,,electric,,40,45,40,65,40,65
Manectric,,electric,,70,75,60,105,60,105
Manectric,Mega Manectric,electric,,70,75,80,135,80,135
Plusle,,electric,,60,50,40,85,75,95
Minun,,electric,,60,40,50,75,85,95
Volbeat,,bug,,65,73,75,47,85,85
Illumise,,bug,,65,47,75,73,85,85
Roselia,,grass,poison,50,60,45,100,80,65
Gulpin,,poison,,70,43,53,43,53,40
Swalot,,poison,,100,73,83,73,83,55
Carvanha,,water,dark,45,90,20,65,20,65
Sharpedo,,water,dark,70,120,40,95,40,95
Sharpedo,Mega Sharpedo,water,dark,70,140,70,110,65,105
Wailmer,,water,,130,70,35,70,35,60
Wailord,,water,,170,90,45,90,45,60
Numel,,fire,ground,60,60,40,65,45,35
Camerupt,,fire,ground,70,100,70,105,75,40
Camerupt,Mega Camerupt,fire,ground,70,120,100,145,105,20
Torkoal,,fire,,70,85,140,85,70,20
Spoink,,psychic,,60,25,35,70,80,60
Grumpig,,psychic,,80,45,65,90,110,80
Spinda,,normal,,60,60,60,60,60,60
Trapinch,,ground,,45,100,45,45,45,10
Vibrava,,ground,dragon,50,70,50,50,50,70
Flygon,,ground,dragon,80,100,80,80,80,100
Cacnea,,grass,,50,85,40,85,40,35
Cacturne,,grass,dark,70,115,60,115,60,55
Swablu,,normal,flying,45,40,60,40,75,50
Altaria,,dragon,flying,75,70,90,70,105,80
Altaria,Mega Altaria,dragon,fairy,75,110,110,110,105,80
Zangoose,,normal,,73,115,60,60,60,90
Seviper,,poison,,73,100,60,100,60,65
Lunatone,,Rock,psychic,90,55,65,95,85,70
Solrock,,Rock,psychic,90,95,85,55,65,70
Barboach,,water,ground,50,48,43,46,41,60
Whiscash,,water,ground,110,78,73,76,71,60
Corphish,,water,,43,80,65,50,35,35
Crawdaunt,,water,dark,63,120,85,90,55,55
Baltoy,,ground,psychic,40,40,55,40,70,55
Claydol,,ground,psychic,60,70,105,70,120,75
Lileep,,Rock,grass,66,41,77,61,87,23
Cradily,,Rock,grass,86,81,97,81,107,43
Anorith,,Rock,bug,45,95,50,40,50,75
Armaldo,,Rock,bug,75,125,100,70,80,45
Feebas,,water,,20,15,20,10,55,80
Milotic,,water,,95,60,79,100,125,81
Castform,,normal,,70,70,70,70,70,70
Castform,Sunny Form,fire,,70,70,70,70,70,70
Castform,Rainy Form,water,,70,70,70,70,70,70
Castform,Snowy Form,ice,,70,70,70,70,70,70
Kecleon,,normal,,60,90,70,60,120,40
Shuppet,,ghost,,44,75,35,63,33,45
Banette,,ghost,,64,115,65,83,63,65
Banette,Mega Banette,ghost,,64,165,75,93,83,75
Duskull,,ghost,,20,40,90,30,90,25
Dusclops,,ghost,,40,70,130,60,130,25
Tropius,,grass,flying,99,68,83,72,87,51
Chimecho,,psychic,,75,50,80,95,90,65
Absol,,dark,,65,130,60,75,60,75
Absol,Mega Absol,dark,,65,150,60,115,60,115
Wynaut,,psychic,,95,23,48,23,48,23
Snorunt,,ice,,50,50,50,50,50,50
Glalie,,ice,,80,80,80,80,80,80
Glalie,Mega Glalie,ice,,80,120,80,120,80,100
Spheal,,ice,water,70,40,50,55,50,25
Sealeo,,ice,water,90,60,70,75,70,45
Walrein,,ice,water,110,80,90,95,90,65
Clamperl,,water,,35,64,85,74,55,32
Huntail,,water,,55,104,105,94,75,52
Gorebyss,,water,,55,84,105,114,75,52
Relicanth,,water,Rock,100,90,130,45,65,55
Luvdisc,,water,,43,30,55,40,65,97
Bagon,,dragon,,45,75,60,40,30,50
Shelgon,,dragon,,65,95,100,60,50,50
Salamence,,dragon,flying,95,135,80,110,80,100
Salamence,Mega Salamence,dragon,flying,95,145,130,120,90,120
Beldum,,steel,psychic,40,55,80,35,60,30
Metang,,steel,psychic,60,75,100,55,80,50
Metagross,,steel,psychic,80,135,130,95,90,70
Metagross,Mega Metagross,steel,psychic,80,145,150,105,110,110
Regirock,,Rock,,80,100,200,50,100,50
Regice,,ice,,80,50,100,100,200,50
Registeel,,steel,,80,75,150,75,150,50
Latias,,dragon,psychic,80,80,90,110,130,110
Latias,Mega Latias,dragon,psychic,80,100,120,140,150,110
Latios,,dragon,psychic,80,90,80,130,110,110
Latios,Mega Latios,dragon,psychic,80,130,100,160,120,110
Kyogre,,water,,100,100,90,150,140,90
Kyogre,Primal Kyogre,water,,100,150,90,180,160,90
Groudon,,ground,,100,150,140,100,90,90
Groudon,Primal Groudon,ground,fire,100,180,160,150,90,90
Rayquaza,,dragon,flying,105,150,90,150,90,95
Rayquaza,Mega Rayquaza,dragon,flying,105,180,100,180,100,115
Jirachi,,steel,psychic,100,100,100,100,100,100
Deoxys,normal Forme,psychic,,50,150,50,150,50,150
Deoxys,Attack Forme,psychic,,50,180,20,180,20,150
Deoxys,Defense Forme,psychic,,50,70,160,70,160,90
Deoxys,Speed Forme,psychic,,50,95,90,95,90,180
Turtwig,,grass,,55,68,64,45,55,31
Grotle,,grass,,75,89,85,55,65,36
Torterra,,grass,ground,95,109,105,75,85,56
Chimchar,,fire,,44,58,44,58,44,61
Monferno,,fire,fighting,64,78,52,78,52,81
Infernape,,fire,fighting,76,104,71,104,71,108
Piplup,,water,,53,51,53,61,56,40
Prinplup,,water,,64,66,68,81,76,50
Empoleon,,water,steel,84,86,88,111,101,60
Starly,,normal,flying,40,55,30,30,30,60
Staravia,,normal,flying,55,75,50,40,40,80
Staraptor,,normal,flying,85,120,70,50,60,100
Bidoof,,normal,,59,45,40,35,40,31
Bibarel,,normal,water,79,85,60,55,60,71
Kricketot,,bug,,37,25,41,25,41,25
Kricketune,,bug,,77,85,51,55,51,65
Shinx,,electric,,45,65,34,40,34,45
Luxio,,electric,,60,85,49,60,49,60
Luxray,,electric,,80,120,79,95,79,70
Budew,,grass,poison,40,30,35,50,70,55
Roserade,,grass,poison,60,70,65,125,105,90
Cranidos,,Rock,,67,125,40,30,30,58
Rampardos,,Rock,,97,165,60,65,50,58
Shieldon,,Rock,steel,30,42,118,42,88,30
Bastiodon,,Rock,steel,60,52,168,47,138,30
Burmy,Plant Cloak,bug,,40,29,45,29,45,36
Burmy,Sandy Cloak,bug,,40,29,45,29,45,36
Burmy,Trash Cloak,bug,,40,29,45,29,45,36
Wormadam,Plant Cloak,bug,grass,60,59,85,79,105,36
Wormadam,Sandy Cloak,bug,ground,60,79,105,59,85,36
Wormadam,Trash Cloak,bug,steel,60,69,95,69,95,36
Mothim,,bug,flying,70,94,50,94,50,66
Combee,,bug,flying,30,30,42,30,42,70
Vespiquen,,bug,flying,70,80,102,80,102,40
Pachirisu,,electric,,60,45,70,45,90,95
Buizel,,water,,55,65,35,60,30,85
Floatzel,,water,,85,105,55,85,50,115
Cherubi,,grass,,45,35,45,62,53,35
Cherrim,,grass,,70,60,70,87,78,85
Shellos,,water,,76,48,48,57,62,34
Gastrodon,,water,ground,111,83,68,92,82,39
Ambipom,,normal,,75,100,66,60,66,115
Drifloon,,ghost,flying,90,50,34,60,44,70
Drifblim,,ghost,flying,150,80,44,90,54,80
Buneary,,normal,,55,66,44,44,56,85
Lopunny,,normal,,65,76,84,54,96,105
Lopunny,Mega Lopunny,normal,fighting,65,136,94,54,96,135
Mismagius,,ghost,,60,60,60,105,105,105
Honchkrow,,dark,flying,100,125,52,105,52,71
Glameow,,normal,,49,55,42,42,37,85
Purugly,,normal,,71,82,64,64,59,112
Chingling,,psychic,,45,30,50,65,50,45
Stunky,,poison,dark,63,63,47,41,41,74
Skuntank,,poison,dark,103,93,67,71,61,84
Bronzor,,steel,psychic,57,24,86,24,86,23
Bronzong,,steel,psychic,67,89,116,79,116,33
Bonsly,,Rock,,50,80,95,10,45,10
Mime Jr.,,psychic,fairy,20,25,45,70,90,60
Happiny,,normal,,100,5,5,15,65,30
Chatot,,normal,flying,76,65,45,92,42,91
Spiritomb,,ghost,dark,50,92,108,92,108,35
Gible,,dragon,ground,58,70,45,40,45,42
Gabite,,dragon,ground,68,90,65,50,55,82
Garchomp,,dragon,ground,108,130,95,80,85,102
Garchomp,Mega Garchomp,dragon,ground,108,170,115,120,95,92
Munchlax,,normal,,135,85,40,40,85,5
Riolu,,fighting,,40,70,40,35,40,60
Lucario,,fighting,steel,70,110,70,115,70,90
Lucario,Mega Lucario,fighting,steel,70,145,88,140,70,112
Hippopotas,,ground,,68,72,78,38,42,32
Hippowdon,,ground,,108,112,118,68,72,47
Skorupi,,poison,bug,40,50,90,30,55,65
Drapion,,poison,dark,70,90,110,60,75,95
Croagunk,,poison,fighting,48,61,40,61,40,50
Toxicroak,,poison,fighting,83,106,65,86,65,85
Carnivine,,grass,,74,100,72,90,72,46
Finneon,,water,,49,49,56,49,61,66
Lumineon,,water,,69,69,76,69,86,91
Mantyke,,water,flying,45,20,50,60,120,50
Snover,,grass,ice,60,62,50,62,60,40
Abomasnow,,grass,ice,90,92,75,92,85,60
Abomasnow,Mega Abomasnow,grass,ice,90,132,105,132,105,30
Weavile,,dark,ice,70,120,65,45,85,125
Magnezone,,electric,steel,70,70,115,130,90,60
Lickilicky,,normal,,110,85,95,80,95,50
Rhyperior,,ground,Rock,115,140,130,55,55,40
Tangrowth,,grass,,100,100,125,110,50,50
Electivire,,electric,,75,123,67,95,85,95
Magmortar,,fire,,75,95,67,125,95,83
Togekiss,,fairy,flying,85,50,95,120,115,80
Yanmega,,bug,flying,86,76,86,116,56,95
Leafeon,,grass,,65,110,130,60,65,95
Glaceon,,ice,,65,60,110,130,95,65
Gliscor,,ground,flying,75,95,125,45,75,95
Mamoswine,,ice,ground,110,130,80,70,60,80
Porygon-Z,,normal,,85,80,70,135,75,90
Gallade,,psychic,fighting,68,125,65,65,115,80
Gallade,Mega Gallade,psychic,fighting,68,165,95,65,115,110
Probopass,,Rock,steel,60,55,145,75,150,40
Dusknoir,,ghost,,45,100,135,65,135,45
Froslass,,ice,ghost,70,80,70,80,70,110
Rotom,,electric,ghost,50,50,77,95,77,91
Rotom,Heat Rotom,electric,fire,50,65,107,105,107,86
Rotom,Wash Rotom,electric,water,50,65,107,105,107,86
Rotom,Frost Rotom,electric,ice,50,65,107,105,107,86
Rotom,Fan Rotom,electric,flying,50,65,107,105,107,86
Rotom,Mow Rotom,electric,grass,50,65,107,105,107,86
Uxie,,psychic,,75,75,130,75,130,95
Mesprit,,psychic,,80,105,105,105,105,80
Azelf,,psychic,,75,125,70,125,70,115
Dialga,,steel,dragon,100,120,120,150,100,90
Dialga,Origin Forme,steel,dragon,100,100,120,150,120,90
Palkia,,water,dragon,90,120,100,150,120,100
Palkia,Origin Forme,water,dragon,90,100,100,150,120,120
Heatran,,fire,steel,91,90,106,130,106,77
Regigigas,,normal,,110,160,110,80,110,100
Giratina,Altered Forme,ghost,dragon,150,100,120,100,120,90
Giratina,Origin Forme,ghost,dragon,150,120,100,120,100,90
Cresselia,,psychic,,120,70,110,75,120,85
Phione,,water,,80,80,80,80,80,80
Manaphy,,water,,100,100,100,100,100,100
darkrai,,dark,,70,90,90,135,90,125
Shaymin,Land Forme,grass,,100,100,100,100,100,100
Shaymin,Sky Forme,grass,flying,100,103,75,120,75,127
Arceus,,normal,,120,120,120,120,120,120
Victini,,psychic,fire,100,100,100,100,100,100
Snivy,,grass,,45,45,55,45,55,63
Servine,,grass,,60,60,75,60,75,83
Serperior,,grass,,75,75,95,75,95,113
Tepig,,fire,,65,63,45,45,45,45
Pignite,,fire,fighting,90,93,55,70,55,55
Emboar,,fire,fighting,110,123,65,100,65,65
Oshawott,,water,,55,55,45,63,45,45
Dewott,,water,,75,75,60,83,60,60
Samurott,,water,,95,100,85,108,70,70
Samurott,Hisuian Samurott,water,dark,90,108,80,100,65,85
Patrat,,normal,,45,55,39,35,39,42
Watchog,,normal,,60,85,69,60,69,77
Lillipup,,normal,,45,60,45,25,45,55
Herdier,,normal,,65,80,65,35,65,60
Stoutland,,normal,,85,110,90,45,90,80
Purrloin,,dark,,41,50,37,50,37,66
Liepard,,dark,,64,88,50,88,50,106
Pansage,,grass,,50,53,48,53,48,64
Simisage,,grass,,75,98,63,98,63,101
Pansear,,fire,,50,53,48,53,48,64
Simisear,,fire,,75,98,63,98,63,101
Panpour,,water,,50,53,48,53,48,64
Simipour,,water,,75,98,63,98,63,101
Munna,,psychic,,76,25,45,67,55,24
Musharna,,psychic,,116,55,85,107,95,29
Pidove,,normal,flying,50,55,50,36,30,43
Tranquill,,normal,flying,62,77,62,50,42,65
Unfezant,,normal,flying,80,115,80,65,55,93
Blitzle,,electric,,45,60,32,50,32,76
Zebstrika,,electric,,75,100,63,80,63,116
Roggenrola,,Rock,,55,75,85,25,25,15
Boldore,,Rock,,70,105,105,50,40,20
Gigalith,,Rock,,85,135,130,60,80,25
Woobat,,psychic,flying,65,45,43,55,43,72
Swoobat,,psychic,flying,67,57,55,77,55,114
Drilbur,,ground,,60,85,40,30,45,68
Excadrill,,ground,steel,110,135,60,50,65,88
Audino,,normal,,103,60,86,60,86,50
Audino,Mega Audino,normal,fairy,103,60,126,80,126,50
Timburr,,fighting,,75,80,55,25,35,35
Gurdurr,,fighting,,85,105,85,40,50,40
Conkeldurr,,fighting,,105,140,95,55,65,45
Tympole,,water,,50,50,40,50,40,64
Palpitoad,,water,ground,75,65,55,65,55,69
Seismitoad,,water,ground,105,95,75,85,75,74
Throh,,fighting,,120,100,85,30,85,45
Sawk,,fighting,,75,125,75,30,75,85
Sewaddle,,bug,grass,45,53,70,40,60,42
Swadloon,,bug,grass,55,63,90,50,80,42
Leavanny,,bug,grass,75,103,80,70,80,92
Venipede,,bug,poison,30,45,59,30,39,57
Whirlipede,,bug,poison,40,55,99,40,79,47
Scolipede,,bug,poison,60,100,89,55,69,112
Cottonee,,grass,fairy,40,27,60,37,50,66
Whimsicott,,grass,fairy,60,67,85,77,75,116
Petilil,,grass,,45,35,50,70,50,30
Lilligant,,grass,,70,60,75,110,75,90
Lilligant,Hisuian Lilligant,grass,fighting,70,105,75,50,75,105
Basculin,Red-Striped Form,water,,70,92,65,80,55,98
Basculin,Blue-Striped Form,water,,70,92,65,80,55,98
Basculin,White-Striped Form,water,,70,92,65,80,55,98
Sandile,,ground,dark,50,72,35,35,35,65
Krokorok,,ground,dark,60,82,45,45,45,74
Krookodile,,ground,dark,95,117,80,65,70,92
Darumaka,,fire,,70,90,45,15,45,50
Darumaka,Galarian Darumaka,ice,,70,90,45,15,45,50
Darmanitan,Standard Mode,fire,,105,140,55,30,55,95
Darmanitan,Zen Mode,fire,psychic,105,30,105,140,105,55
Darmanitan,Galarian Standard Mode,ice,,105,140,55,30,55,95
Darmanitan,Galarian Zen Mode,ice,fire,105,160,55,30,55,135
Maractus,,grass,,75,86,67,106,67,60
Dwebble,,bug,Rock,50,65,85,35,35,55
Crustle,,bug,Rock,70,105,125,65,75,45
Scraggy,,dark,fighting,50,75,70,35,70,48
Scrafty,,dark,fighting,65,90,115,45,115,58
Sigilyph,,psychic,flying,72,58,80,103,80,97
Yamask,,ghost,,38,30,85,55,65,30
Yamask,Galarian Yamask,ground,ghost,38,55,85,30,65,30
Cofagrigus,,ghost,,58,50,145,95,105,30
Tirtouga,,water,Rock,54,78,103,53,45,22
Carracosta,,water,Rock,74,108,133,83,65,32
Archen,,Rock,flying,55,112,45,74,45,70
Archeops,,Rock,flying,75,140,65,112,65,110
Trubbish,,poison,,50,50,62,40,62,65
Garbodor,,poison,,80,95,82,60,82,75
Zorua,,dark,,40,65,40,80,40,65
Zorua,Hisuian Zorua,normal,ghost,35,60,40,85,40,70
Zoroark,,dark,,60,105,60,120,60,105
Zoroark,Hisuian Zoroark,normal,ghost,55,100,60,125,60,110
Minccino,,normal,,55,50,40,40,40,75
Cinccino,,normal,,75,95,60,65,60,115
Gothita,,psychic,,45,30,50,55,65,45
Gothorita,,psychic,,60,45,70,75,85,55
Gothitelle,,psychic,,70,55,95,95,110,65
Solosis,,psychic,,45,30,40,105,50,20
Duosion,,psychic,,65,40,50,125,60,30
Reuniclus,,psychic,,110,65,75,125,85,30
Ducklett,,water,flying,62,44,50,44,50,55
Swanna,,water,flying,75,87,63,87,63,98
Vanillite,,ice,,36,50,50,65,60,44
Vanillish,,ice,,51,65,65,80,75,59
Vanilluxe,,ice,,71,95,85,110,95,79
Deerling,,normal,grass,60,60,50,40,50,75
Sawsbuck,,normal,grass,80,100,70,60,70,95
Emolga,,electric,flying,55,75,60,75,60,103
Karrablast,,bug,,50,75,45,40,45,60
Escavalier,,bug,steel,70,135,105,60,105,20
Foongus,,grass,poison,69,55,45,55,55,15
Amoonguss,,grass,poison,114,85,70,85,80,30
Frillish,,water,ghost,55,40,50,65,85,40
Jellicent,,water,ghost,100,60,70,85,105,60
Alomomola,,water,,165,75,80,40,45,65
Joltik,,bug,electric,50,47,50,57,50,65
Galvantula,,bug,electric,70,77,60,97,60,108
Ferroseed,,grass,steel,44,50,91,24,86,10
Ferrothorn,,grass,steel,74,94,131,54,116,20
Klink,,steel,,40,55,70,45,60,30
Klang,,steel,,60,80,95,70,85,50
Klinklang,,steel,,60,100,115,70,85,90
Tynamo,,electric,,35,55,40,45,40,60
Eelektrik,,electric,,65,85,70,75,70,40
Eelektross,,electric,,85,115,80,105,80,50
Elgyem,,psychic,,55,55,55,85,55,30
Beheeyem,,psychic,,75,75,75,125,95,40
Litwick,,ghost,fire,50,30,55,65,55,20
Lampent,,ghost,fire,60,40,60,95,60,55
Chandelure,,ghost,fire,60,55,90,145,90,80
Axew,,dragon,,46,87,60,30,40,57
Fraxure,,dragon,,66,117,70,40,50,67
Haxorus,,dragon,,76,147,90,60,70,97
Cubchoo,,ice,,55,70,40,60,40,40
Beartic,,ice,,95,130,80,70,80,50
Cryogonal,,ice,,80,50,50,95,135,105
Shelmet,,bug,,50,40,85,40,65,25
Accelgor,,bug,,80,70,40,100,60,145
Stunfisk,,ground,electric,109,66,84,81,99,32
Stunfisk,Galarian Stunfisk,ground,steel,109,81,99,66,84,32
Mienfoo,,fighting,,45,85,50,55,50,65
Mienshao,,fighting,,65,125,60,95,60,105
Druddigon,,dragon,,77,120,90,60,90,48
Golett,,ground,ghost,59,74,50,35,50,35
Golurk,,ground,ghost,89,124,80,55,80,55
Pawniard,,dark,steel,45,85,70,40,40,60
Bisharp,,dark,steel,65,125,100,60,70,70
Bouffalant,,normal,,95,110,95,40,95,55
Rufflet,,normal,flying,70,83,50,37,50,60
Braviary,,normal,flying,100,123,75,57,75,80
Braviary,Hisuian Braviary,psychic,flying,110,83,70,112,70,65
Vullaby,,dark,flying,70,55,75,45,65,60
Mandibuzz,,dark,flying,110,65,105,55,95,80
Heatmor,,fire,,85,97,66,105,66,65
Durant,,bug,steel,58,109,112,48,48,109
Deino,,dark,dragon,52,65,50,45,50,38
Zweilous,,dark,dragon,72,85,70,65,70,58
Hydreigon,,dark,dragon,92,105,90,125,90,98
Larvesta,,bug,fire,55,85,55,50,55,60
Volcarona,,bug,fire,85,60,65,135,105,100
Cobalion,,steel,fighting,91,90,129,90,72,108
Terrakion,,Rock,fighting,91,129,90,72,90,108
Virizion,,grass,fighting,91,90,72,90,129,108
Tornadus,Incarnate Forme,flying,,79,115,70,125,80,111
Tornadus,Therian Forme,flying,,79,100,80,110,90,121
Thundurus,Incarnate Forme,electric,flying,79,115,70,125,80,111
Thundurus,Therian Forme,electric,flying,79,105,70,145,80,101
Reshiram,,dragon,fire,100,120,100,150,120,90
Zekrom,,dragon,electric,100,150,120,120,100,90
Landorus,Incarnate Forme,ground,flying,89,125,90,115,80,101
Landorus,Therian Forme,ground,flying,89,145,90,105,80,91
Kyurem,,dragon,ice,125,130,90,130,90,95
Kyurem,White Kyurem,dragon,ice,125,120,90,170,100,95
Kyurem,Black Kyurem,dragon,ice,125,170,100,120,90,95
Keldeo,Ordinary Form,water,fighting,91,72,90,129,90,108
Keldeo,Resolute Form,water,fighting,91,72,90,129,90,108
Meloetta,Aria Forme,normal,psychic,100,77,77,128,128,90
Meloetta,Pirouette Forme,normal,fighting,100,128,90,77,77,128
Genesect,,bug,steel,71,120,95,120,95,99
Chespin,,grass,,56,61,65,48,45,38
Quilladin,,grass,,61,78,95,56,58,57
Chesnaught,,grass,fighting,88,107,122,74,75,64
Fennekin,,fire,,40,45,40,62,60,60
Braixen,,fire,,59,59,58,90,70,73
Delphox,,fire,psychic,75,69,72,114,100,104
Froakie,,water,,41,56,40,62,44,71
Frogadier,,water,,54,63,52,83,56,97
Greninja,,water,dark,72,95,67,103,71,122
Greninja,Ash-Greninja,water,dark,72,145,67,153,71,132
Bunnelby,,normal,,38,36,38,32,36,57
Diggersby,,normal,ground,85,56,77,50,77,78
Fletchling,,normal,flying,45,50,43,40,38,62
Fletchinder,,fire,flying,62,73,55,56,52,84
Talonflame,,fire,flying,78,81,71,74,69,126
Scatterbug,,bug,,38,35,40,27,25,35
Spewpa,,bug,,45,22,60,27,30,29
Vivillon,,bug,flying,80,52,50,90,50,89
Litleo,,fire,normal,62,50,58,73,54,72
Pyroar,,fire,normal,86,68,72,109,66,106
Flabebe,,fairy,,44,38,39,61,79,42
Floette,,fairy,,54,45,47,75,98,52
Florges,,fairy,,78,65,68,112,154,75
Skiddo,,grass,,66,65,48,62,57,52
Gogoat,,grass,,123,100,62,97,81,68
Pancham,,fighting,,67,82,62,46,48,43
Pangoro,,fighting,dark,95,124,78,69,71,58
Furfrou,,normal,,75,80,60,65,90,102
Espurr,,psychic,,62,48,54,63,60,68
Meowstic,Male,psychic,,74,48,76,83,81,104
Meowstic,Female,psychic,,74,48,76,83,81,104
Honedge,,steel,ghost,45,80,100,35,37,28
Doublade,,steel,ghost,59,110,150,45,49,35
Aegislash,Shield Forme,steel,ghost,60,50,140,50,140,60
Aegislash,Blade Forme,steel,ghost,60,140,50,140,50,60
Spritzee,,fairy,,78,52,60,63,65,23
Aromatisse,,fairy,,101,72,72,99,89,29
Swirlix,,fairy,,62,48,66,59,57,49
Slurpuff,,fairy,,82,80,86,85,75,72
Inkay,,dark,psychic,53,54,53,37,46,45
Malamar,,dark,psychic,86,92,88,68,75,73
Binacle,,Rock,water,42,52,67,39,56,50
Barbaracle,,Rock,water,72,105,115,54,86,68
Skrelp,,poison,water,50,60,60,60,60,30
Dragalge,,poison,dragon,65,75,90,97,123,44
Clauncher,,water,,50,53,62,58,63,44
Clawitzer,,water,,71,73,88,120,89,59
Helioptile,,electric,normal,44,38,33,61,43,70
Heliolisk,,electric,normal,62,55,52,109,94,109
Tyrunt,,Rock,dragon,58,89,77,45,45,48
Tyrantrum,,Rock,dragon,82,121,119,69,59,71
Amaura,,Rock,ice,77,59,50,67,63,46
Aurorus,,Rock,ice,123,77,72,99,92,58
Sylveon,,fairy,,95,65,65,110,130,60
Hawlucha,,fighting,flying,78,92,75,74,63,118
Dedenne,,electric,fairy,67,58,57,81,67,101
Carbink,,Rock,fairy,50,50,150,50,150,50
Goomy,,dragon,,45,50,35,55,75,40
Sliggoo,,dragon,,68,75,53,83,113,60
Sliggoo,Hisuian Sliggoo,steel,dragon,58,75,83,83,113,40
Goodra,,dragon,,90,100,70,110,150,80
Goodra,Hisuian Goodra,steel,dragon,80,100,100,110,150,60
Klefki,,steel,fairy,57,80,91,80,87,75
Phantump,,ghost,grass,43,70,48,50,60,38
Trevenant,,ghost,grass,85,110,76,65,82,56
Pumpkaboo,Average Size,ghost,grass,49,66,70,44,55,51
Pumpkaboo,Small Size,ghost,grass,44,66,70,44,55,56
Pumpkaboo,Large Size,ghost,grass,54,66,70,44,55,46
Pumpkaboo,Super Size,ghost,grass,59,66,70,44,55,41
Gourgeist,Average Size,ghost,grass,65,90,122,58,75,84
Gourgeist,Small Size,ghost,grass,55,85,122,58,75,99
Gourgeist,Large Size,ghost,grass,75,95,122,58,75,69
Gourgeist,Super Size,ghost,grass,85,100,122,58,75,54
Bergmite,,ice,,55,69,85,32,35,28
Avalugg,,ice,,95,117,184,44,46,28
Avalugg,Hisuian Avalugg,ice,Rock,95,127,184,34,36,38
Noibat,,flying,dragon,40,30,35,45,40,55
Noivern,,flying,dragon,85,70,80,97,80,123
Xerneas,,fairy,,126,131,95,131,98,99
Yveltal,,dark,flying,126,131,95,131,98,99
Zygarde,50% Forme,dragon,ground,108,100,121,81,95,95
Zygarde,10% Forme,dragon,ground,54,100,71,61,85,115
Zygarde,Complete Forme,dragon,ground,216,100,121,91,95,85
Diancie,,Rock,fairy,50,100,150,100,150,50
Diancie,Mega Diancie,Rock,fairy,50,160,110,160,110,110
Hoopa,Hoopa Confined,psychic,ghost,80,110,60,150,130,70
Hoopa,Hoopa Unbound,psychic,dark,80,160,60,170,130,80
Volcanion,,fire,water,80,110,120,130,90,70
Rowlet,,grass,flying,68,55,55,50,50,42
Dartrix,,grass,flying,78,75,75,70,70,52
Decidueye,,grass,ghost,78,107,75,100,100,70
Decidueye,Hisuian Decidueye,grass,fighting,88,112,80,95,95,60
Litten,,fire,,45,65,40,60,40,70
Torracat,,fire,,65,85,50,80,50,90
Incineroar,,fire,dark,95,115,90,80,90,60
Popplio,,water,,50,54,54,66,56,40
Brionne,,water,,60,69,69,91,81,50
Primarina,,water,fairy,80,74,74,126,116,60
Pikipek,,normal,flying,35,75,30,30,30,65
Trumbeak,,normal,flying,55,85,50,40,50,75
Toucannon,,normal,flying,80,120,75,75,75,60
Yungoos,,normal,,48,70,30,30,30,45
Gumshoos,,normal,,88,110,60,55,60,45
Grubbin,,bug,,47,62,45,55,45,46
Charjabug,,bug,electric,57,82,95,55,75,36
Vikavolt,,bug,electric,77,70,90,145,75,43
Crabrawler,,fighting,,47,82,57,42,47,63
Crabominable,,fighting,ice,97,132,77,62,67,43
Oricorio,Baile Style,fire,flying,75,70,70,98,70,93
Oricorio,Pom-Pom Style,electric,flying,75,70,70,98,70,93
Oricorio,Pa'u Style,psychic,flying,75,70,70,98,70,93
Oricorio,Sensu Style,ghost,flying,75,70,70,98,70,93
Cutiefly,,bug,fairy,40,45,40,55,40,84
Ribombee,,bug,fairy,60,55,60,95,70,124
Rockruff,,Rock,,45,65,40,30,40,60
Rockruff,Own Tempo Rockruff,Rock,,45,65,40,30,40,60
Lycanroc,Midday Form,Rock,,75,115,65,55,65,112
Lycanroc,Midnight Form,Rock,,85,115,75,55,75,82
Lycanroc,Dusk Form,Rock,,75,117,65,55,65,110
Wishiwashi,Solo Form,water,,45,20,20,25,25,40
Wishiwashi,School Form,water,,45,140,130,140,135,30
Mareanie,,poison,water,50,53,62,43,52,45
Toxapex,,poison,water,50,63,152,53,142,35
Mudbray,,ground,,70,100,70,45,55,45
Mudsdale,,ground,,100,125,100,55,85,35
Dewpider,,water,bug,38,40,52,40,72,27
Araquanid,,water,bug,68,70,92,50,132,42
Fomantis,,grass,,40,55,35,50,35,35
Lurantis,,grass,,70,105,90,80,90,45
Morelull,,grass,fairy,40,35,55,65,75,15
Shiinotic,,grass,fairy,60,45,80,90,100,30
Salandit,,poison,fire,48,44,40,71,40,77
Salazzle,,poison,fire,68,64,60,111,60,117
Stufful,,normal,fighting,70,75,50,45,50,50
Bewear,,normal,fighting,120,125,80,55,60,60
Bounsweet,,grass,,42,30,38,30,38,32
Steenee,,grass,,52,40,48,40,48,62
Tsareena,,grass,,72,120,98,50,98,72
Comfey,,fairy,,51,52,90,82,110,100
Oranguru,,normal,psychic,90,60,80,90,110,60
Passimian,,fighting,,100,120,90,40,60,80
Wimpod,,bug,water,25,35,40,20,30,80
Golisopod,,bug,water,75,125,140,60,90,40
Sandygast,,ghost,ground,55,55,80,70,45,15
Palossand,,ghost,ground,85,75,110,100,75,35
Pyukumuku,,water,,55,60,130,30,130,5
Type: Null,,normal,,95,95,95,95,95,59
Silvally,,normal,,95,95,95,95,95,95
Minior,Meteor Form,Rock,flying,60,60,100,60,100,60
Minior,Core Form,Rock,flying,60,100,60,100,60,120
Komala,,normal,,65,115,65,75,95,65
Turtonator,,fire,dragon,60,78,135,91,85,36
Togedemaru,,electric,steel,65,98,63,40,73,96
Mimikyu,,ghost,fairy,55,90,80,50,105,96
Bruxish,,water,psychic,68,105,70,70,70,92
Drampa,,normal,dragon,78,60,85,135,91,36
Dhelmise,,ghost,grass,70,131,100,86,90,40
Jangmo-o,,dragon,,45,55,65,45,45,45
Hakamo-o,,dragon,fighting,55,75,90,65,70,65
Kommo-o,,dragon,fighting,75,110,125,100,105,85
Tapu Koko,,electric,fairy,70,115,85,95,75,130
Tapu Lele,,psychic,fairy,70,85,75,130,115,95
Tapu Bulu,,grass,fairy,70,130,115,85,95,75
Tapu Fini,,water,fairy,70,75,115,95,130,85
Cosmog,,psychic,,43,29,31,29,31,37
Cosmoem,,psychic,,43,29,131,29,131,37
Solgaleo,,psychic,steel,137,137,107,113,89,97
Lunala,,psychic,ghost,137,113,89,137,107,97
Nihilego,,Rock,poison,109,53,47,127,131,103
Buzzwole,,bug,fighting,107,139,139,53,53,79
Pheromosa,,bug,fighting,71,137,37,137,37,151
Xurkitree,,electric,,83,89,71,173,71,83
Celesteela,,steel,flying,97,101,103,107,101,61
Kartana,,grass,steel,59,181,131,59,31,109
Guzzlord,,dark,dragon,223,101,53,97,53,43
Necrozma,,psychic,,97,107,101,127,89,79
Necrozma,Dusk Mane Necrozma,psychic,steel,97,157,127,113,109,77
Necrozma,Dawn Wings Necrozma,psychic,ghost,97,113,109,157,127,77
Necrozma,Ultra Necrozma,psychic,dragon,97,167,97,167,97,129
Magearna,,steel,fairy,80,95,115,130,115,65
Marshadow,,fighting,ghost,90,125,80,90,90,125
Poipole,,poison,,67,73,67,73,67,73
Naganadel,,poison,dragon,73,73,73,127,73,121
Stakataka,,Rock,steel,61,131,211,53,101,13
Blacephalon,,fire,ghost,53,127,53,151,79,107
Zeraora,,electric,,88,112,75,102,80,143
Meltan,,steel,,46,65,65,55,35,34
Melmetal,,steel,,135,143,143,80,65,34
Grookey,,grass,,50,65,50,40,40,65
Thwackey,,grass,,70,85,70,55,60,80
Rillaboom,,grass,,100,125,90,60,70,85
Scorbunny,,fire,,50,71,40,40,40,69
Raboot,,fire,,65,86,60,55,60,94
Cinderace,,fire,,80,116,75,65,75,119
Sobble,,water,,50,40,40,70,40,70
Drizzile,,water,,65,60,55,95,55,90
Inteleon,,water,,70,85,65,125,65,120
Skwovet,,normal,,70,55,55,35,35,25
Greedent,,normal,,120,95,95,55,75,20
Rookidee,,flying,,38,47,35,33,35,57
Corvisquire,,flying,,68,67,55,43,55,77
Corviknight,,flying,steel,98,87,105,53,85,67
Blipbug,,bug,,25,20,20,25,45,45
Dottler,,bug,psychic,50,35,80,50,90,30
Orbeetle,,bug,psychic,60,45,110,80,120,90
Nickit,,dark,,40,28,28,47,52,50
Thievul,,dark,,70,58,58,87,92,90
Gossifleur,,grass,,40,40,60,40,60,10
Eldegoss,,grass,,60,50,90,80,120,60
Wooloo,,normal,,42,40,55,40,45,48
Dubwool,,normal,,72,80,100,60,90,88
Chewtle,,water,,50,64,50,38,38,44
Drednaw,,water,Rock,90,115,90,48,68,74
Yamper,,electric,,59,45,50,40,50,26
Boltund,,electric,,69,90,60,90,60,121
Rolycoly,,Rock,,30,40,50,40,50,30
Carkol,,Rock,fire,80,60,90,60,70,50
Coalossal,,Rock,fire,110,80,120,80,90,30
Applin,,grass,dragon,40,40,80,40,40,20
Flapple,,grass,dragon,70,110,80,95,60,70
Appletun,,grass,dragon,110,85,80,100,80,30
Silicobra,,ground,,52,57,75,35,50,46
Sandaconda,,ground,,72,107,125,65,70,71
Cramorant,,flying,water,70,85,55,85,95,85
Arrokuda,,water,,41,63,40,40,30,66
Barraskewda,,water,,61,123,60,60,50,136
Toxel,,electric,poison,40,38,35,54,35,40
Toxtricity,Amped Form,electric,poison,75,98,70,114,70,75
Toxtricity,Low Key Form,electric,poison,75,98,70,114,70,75
Sizzlipede,,fire,bug,50,65,45,50,50,45
Centiskorch,,fire,bug,100,115,65,90,90,65
Clobbopus,,fighting,,50,68,60,50,50,32
Grapploct,,fighting,,80,118,90,70,80,42
Sinistea,,ghost,,40,45,45,74,54,50
Polteageist,,ghost,,60,65,65,134,114,70
Hatenna,,psychic,,42,30,45,56,53,39
Hattrem,,psychic,,57,40,65,86,73,49
Hatterene,,psychic,fairy,57,90,95,136,103,29
Impidimp,,dark,fairy,45,45,30,55,40,50
Morgrem,,dark,fairy,65,60,45,75,55,70
Grimmsnarl,,dark,fairy,95,120,65,95,75,60
Obstagoon,,dark,normal,93,90,101,60,81,95
Perrserker,,steel,,70,110,100,50,60,50
Cursola,,ghost,,60,95,50,145,130,30
Sirfetch'd,,fighting,,62,135,95,68,82,65
Mr. Rime,,ice,psychic,80,85,75,110,100,70
Runerigus,,ground,ghost,58,95,145,50,105,30
Milcery,,fairy,,45,40,40,50,61,34
Alcremie,,fairy,,65,60,75,110,121,64
Falinks,,fighting,,65,100,100,70,60,75
Pincurchin,,electric,,48,101,95,91,85,15
Snom,,ice,bug,30,25,35,45,30,20
Frosmoth,,ice,bug,70,65,60,125,90,65
Stonjourner,,Rock,,100,125,135,20,20,70
Eiscue,ice Face,ice,,75,80,110,65,90,50
Eiscue,Noice Face,ice,,75,80,70,65,50,130
Indeedee,Male,psychic,normal,60,65,55,105,95,95
Indeedee,Female,psychic,normal,70,55,65,95,105,85
Morpeko,Full Belly Mode,electric,dark,58,95,58,70,58,97
Morpeko,Hangry Mode,electric,dark,58,95,58,70,58,97
Cufant,,steel,,72,80,49,40,49,40
Copperajah,,steel,,122,130,69,80,69,30
Dracozolt,,electric,dragon,90,100,90,80,70,75
Arctozolt,,electric,ice,90,100,90,90,80,55
Dracovish,,water,dragon,90,90,100,70,80,75
Arctovish,,water,ice,90,90,100,80,90,55
Duraludon,,steel,dragon,70,95,115,120,50,85
Dreepy,,dragon,ghost,28,60,30,40,30,82
Drakloak,,dragon,ghost,68,80,50,60,50,102
Dragapult,,dragon,ghost,88,120,75,100,75,142
Zacian,Hero of Many Battles,fairy,,92,120,115,80,115,138
Zacian,Crowned Sword,fairy,steel,92,150,115,80,115,148
Zamazenta,Hero of Many Battles,fighting,,92,120,115,80,115,138
Zamazenta,Crowned Shield,fighting,steel,92,120,140,80,140,128
Eternatus,,poison,dragon,140,85,95,145,95,130
Eternatus,Eternamax,poison,dragon,255,115,250,125,250,130
Kubfu,,fighting,,60,90,60,53,50,72
Urshifu,Single Strike Style,fighting,dark,100,130,100,63,60,97
Urshifu,Rapid Strike Style,fighting,water,100,130,100,63,60,97
Zarude,,dark,grass,105,120,105,70,95,105
Regieleki,,electric,,80,100,50,100,50,200
Regidrago,,dragon,,200,100,50,100,50,80
Glastrier,,ice,,100,145,130,65,110,30
Spectrier,,ghost,,100,65,60,145,80,130
Calyrex,,psychic,grass,100,80,80,80,80,80
Calyrex,ice Rider,psychic,ice,100,165,150,85,130,50
Calyrex,Shadow Rider,psychic,ghost,100,85,80,165,100,150
Wyrdeer,,normal,psychic,103,105,72,105,75,65
Kleavor,,bug,Rock,70,135,95,45,70,85
Ursaluna,,ground,normal,130,140,105,45,80,50
Ursaluna,Bloodmoon,ground,normal,113,70,120,135,65,52
Basculegion,Male,water,ghost,120,112,65,80,75,78
Basculegion,Female,water,ghost,120,92,65,100,75,78
Sneasler,,fighting,poison,80,130,60,40,80,120
Overqwil,,dark,poison,85,115,95,65,65,85
Enamorus,Incarnate Forme,fairy,flying,74,115,70,135,80,106
Enamorus,Therian Forme,fairy,flying,74,115,110,135,100,46
Sprigatito,,grass,,40,61,54,45,45,65
Floragato,,grass,,61,80,63,60,63,83
Meowscarada,,grass,dark,76,110,70,81,70,123
Fuecoco,,fire,,67,45,59,63,40,36
Crocalor,,fire,,81,55,78,90,58,49
Skeledirge,,fire,ghost,104,75,100,110,75,66
Quaxly,,water,,55,65,45,50,45,50
Quaxwell,,water,,70,85,65,65,60,65
Quaquaval,,water,fighting,85,120,80,85,75,85
Lechonk,,normal,,54,45,40,35,45,35
Oinkologne,Male,normal,,110,100,75,59,80,65
Oinkologne,Female,normal,,115,90,70,59,90,65
Tarountula,,bug,,35,41,45,29,40,20
Spidops,,bug,,60,79,92,52,86,35
Nymble,,bug,,33,46,40,21,25,45
Lokix,,bug,dark,71,102,78,52,55,92
Pawmi,,electric,,45,50,20,40,25,60
Pawmo,,electric,fighting,60,75,40,50,40,85
Pawmot,,electric,fighting,70,115,70,70,60,105
Tandemaus,,normal,,50,50,45,40,45,75
Maushold,Family of Four,normal,,74,75,70,65,75,111
Maushold,Family of Three,normal,,74,75,70,65,75,111
Fidough,,fairy,,37,55,70,30,55,65
Dachsbun,,fairy,,57,80,115,50,80,95
Smoliv,,grass,normal,41,35,45,58,51,30
Dolliv,,grass,normal,52,53,60,78,78,33
Arboliva,,grass,normal,78,69,90,125,109,39
Squawkabilly,Green Plumage,normal,flying,82,96,51,45,51,92
Squawkabilly,Blue Plumage,normal,flying,82,96,51,45,51,92
Squawkabilly,Yellow Plumage,normal,flying,82,96,51,45,51,92
Squawkabilly,White Plumage,normal,flying,82,96,51,45,51,92
Nacli,,Rock,,55,55,75,35,35,25
Naclstack,,Rock,,60,60,100,35,65,35
Garganacl,,Rock,,100,100,130,45,90,35
Charcadet,,fire,,40,50,40,50,40,35
Armarouge,,fire,psychic,85,60,100,125,80,75
Ceruledge,,fire,ghost,75,125,80,60,100,85
Tadbulb,,electric,,61,31,41,59,35,45
Bellibolt,,electric,,109,64,91,103,83,45
Wattrel,,electric,flying,40,40,35,55,40,70
Kilowattrel,,electric,flying,70,70,60,105,60,125
Maschiff,,dark,,60,78,60,40,51,51
Mabosstiff,,dark,,80,120,90,60,70,85
Shroodle,,poison,normal,40,65,35,40,35,75
Grafaiai,,poison,normal,63,95,65,80,72,110
Bramblin,,grass,ghost,40,65,30,45,35,60
Brambleghast,,grass,ghost,55,115,70,80,70,90
Toedscool,,ground,grass,40,40,35,50,100,70
Toedscruel,,ground,grass,80,70,65,80,120,100
Klawf,,Rock,,70,100,115,35,55,75
Capsakid,,grass,,50,62,40,62,40,50
Scovillain,,grass,fire,65,108,65,108,65,75
Rellor,,bug,,41,50,60,31,58,30
Rabsca,,bug,psychic,75,50,85,115,100,45
Flittle,,psychic,,30,35,30,55,30,75
Espathra,,psychic,,95,60,60,101,60,105
Tinkatink,,fairy,steel,50,45,45,35,64,58
Tinkatuff,,fairy,steel,65,55,55,45,82,78
Tinkaton,,fairy,steel,85,75,77,70,105,94
Wiglett,,water,,10,55,25,35,25,95
Wugtrio,,water,,35,100,50,50,70,120
Bombirdier,,flying,dark,70,103,85,60,85,82
Finizen,,water,,70,45,40,45,40,75
Palafin,Zero Form,water,,100,70,72,53,62,100
Palafin,Hero Form,water,,100,160,97,106,87,100
Varoom,,steel,poison,45,70,63,30,45,47
Revavroom,,steel,poison,80,119,90,54,67,90
Cyclizar,,dragon,normal,70,95,65,85,65,121
Orthworm,,steel,,70,85,145,60,55,65
Glimmet,,Rock,poison,48,35,42,105,60,60
Glimmora,,Rock,poison,83,55,90,130,81,86
Greavard,,ghost,,50,61,60,30,55,34
Houndstone,,ghost,,72,101,100,50,97,68
Flamigo,,flying,fighting,82,115,74,75,64,90
Cetoddle,,ice,,108,68,45,30,40,43
Cetitan,,ice,,170,113,65,45,55,73
Veluza,,water,psychic,90,102,73,78,65,70
Dondozo,,water,,150,100,115,65,65,35
Tatsugiri,Curly Form,dragon,water,68,50,60,120,95,82
Tatsugiri,Droopy Form,dragon,water,68,50,60,120,95,82
Tatsugiri,Stretchy Form,dragon,water,68,50,60,120,95,82
Annihilape,,fighting,ghost,110,115,80,50,90,90
Clodsire,,poison,ground,130,75,60,45,100,20
Farigiraf,,normal,psychic,120,90,70,110,70,60
Dudunsparce,Two-Segment Form,normal,,125,100,80,85,75,55
Dudunsparce,Three-Segment Form,normal,,125,100,80,85,75,55
Kingambit,,dark,steel,100,135,120,60,85,50
Great Tusk,,ground,fighting,115,131,131,53,53,87
Scream Tail,,fairy,psychic,115,65,99,65,115,111
Brute Bonnet,,grass,dark,111,127,99,79,99,55
Flutter Mane,,ghost,fairy,55,55,55,135,135,135
Slither Wing,,bug,fighting,85,135,79,85,105,81
Sandy Shocks,,electric,ground,85,81,97,121,85,101
Iron Treads,,ground,steel,90,112,120,72,70,106
Iron Bundle,,ice,water,56,80,114,124,60,136
Iron Hands,,fighting,electric,154,140,108,50,68,50
Iron Jugulis,,dark,flying,94,80,86,122,80,108
Iron Moth,,fire,poison,80,70,60,140,110,110
Iron Thorns,,Rock,electric,100,134,110,70,84,72
Frigibax,,dragon,ice,65,75,45,35,45,55
Arctibax,,dragon,ice,90,95,66,45,65,62
Baxcalibur,,dragon,ice,115,145,92,75,86,87
Gimmighoul,Chest Form,ghost,,45,30,70,75,70,10
Gimmighoul,Roaming Form,ghost,,45,30,25,75,45,80
Gholdengo,,steel,ghost,87,60,95,133,91,84
Wo-Chien,,dark,grass,85,85,100,95,135,70
Chien-Pao,,dark,ice,80,120,80,90,65,135
Ting-Lu,,dark,ground,155,110,125,55,80,45
Chi-Yu,,dark,fire,55,80,80,135,120,100
Roaring Moon,,dragon,dark,105,139,71,55,101,119
Iron Valiant,,fairy,fighting,74,130,90,120,60,116
Koraidon,,fighting,dragon,100,135,115,85,100,135
Miraidon,,electric,dragon,100,85,100,135,115,135
Walking Wake,,water,dragon,99,83,91,125,83,109
Iron Leaves,,grass,psychic,90,130,88,70,108,104
Dipplin,,grass,dragon,80,80,110,95,80,40
Poltchageist,,grass,ghost,40,45,45,74,54,50
Sinistcha,,grass,ghost,71,60,106,121,80,70
Okidogi,,poison,fighting,88,128,115,58,86,80
Munkidori,,poison,psychic,88,75,66,130,90,106
Fezandipiti,,poison,fairy,88,91,82,70,125,99
Ogerpon,Teal Mask,grass,,80,120,84,60,96,110
Ogerpon,Wellspring Mask,grass,water,80,120,84,60,96,110
Ogerpon,Hearthflame Mask,grass,fire,80,120,84,60,96,110
Ogerpon,Cornerstone Mask,grass,Rock,80,120,84,60,96,110
Archaludon,,steel,dragon,90,105,130,125,65,85
Hydrapple,,grass,dragon,106,80,110,120,80,44
Gouging fire,,fire,dragon,105,115,121,65,93,91
Raging Bolt,,electric,dragon,125,73,91,137,89,75
Iron Boulder,,Rock,psychic,90,120,80,68,108,124
Iron Crown,,steel,psychic,90,72,100,122,108,98
Terapagos,normal Form,normal,,90,65,85,65,85,60
Terapagos,Terastal Form,normal,,95,95,110,105,110,85
Terapagos,Stellar Form,normal,,160,105,110,130,110,85
Pecharunt,,poison,ghost,88,88,160,88,88,88